{
    "aggregate_by": "EXPERIMENT",
    "created_at": "2025-01-06T13:59:25",
    "experiments": {
        "SRP140558": {
            "accession_code": "SRP140558",
            "description": "Background: A subset of infants are hyper-susceptible to severe/acute viral bronchiolitis (AVB), for reasons unknown. Purpose: To characterise the cellular/molecular mechanisms underlying infant AVB in circulating cells/local airways tissues. Methods: PBMC and nasal mucosal scrapings (NMS) were obtained from Infants (<18mths) and children (1.5-5yrs) during AVB and post-convalescence. Immune response patterns were profiled by multiplex analysis of plasma cytokines, flow cytometry, and transcriptomics (RNA-Seq). Molecular profiling of group-level data utilised a combination of upstream regulator and coexpression network analysis, followed by individual subject-level data analysis employing personalised N-of-1-pathways methodology. Results: Group-level analyses demonstrated that infant PBMC responses were dominated by monocyte-associated hyper-upregulated type I interferon signalling/pro-inflammatory pathways (drivers: TNF, IL6, TREM1, IL1B), versus a combination of inflammation (PTGER2, IL6) plus growth/repair/remodelling pathways (ERBB2, TGFB1, AREG, HGF) coupled with Th2 and NK-cell signalling in children. Age-related differences were not attributable to differential steroid usage or variations in underlying viral pathogens. Nasal mucosal responses were comparable qualitatively in infants/children, dominated by interferon types I-III, but the magnitude of upregulation was higher in infants (range 6-48-fold) than children (5-17-fold). N-of-1-pathways analysis confirmed differential upregulation of innate immunity in infants and NK cell networks in children, and additionally demonstrated covert AVB response sub-phenotypes that were independent of chronological age. Conclusions: Dysregulated expression of interferon-dependent pathways following respiratory viral infections is a defining immunophenotypic feature of AVB-susceptible infants and a subset of children. Susceptible subjects appear to represent a discrete subgroup who cluster based on (slow) kinetics of postnatal maturation of innate immune competence. Overall design: The study design consisted of PBMC from infants (<18months, n=15 pairs) and pre-school children (2-5yrs, n=16 pairs) sampled during severe acute viral bronchiolitis (acute visit = AV) and following recovery during convalescence (convalescent visit = CV). RNA-Seq profiles were generated by sequencing llumina HiSeq2500, 50bp single-end reads, v4 chemistry. Samples were sequenced across two lanes and collapsed prior analysis.",
            "has_publication": true,
            "organisms": [
                "HOMO_SAPIENS"
            ],
            "protocol_description": "Total RNA was extracted from viable PBMC employing TRizol (Ambion, Life Technologies) followed by RNeasy MinElute (Qiagen, Hilden, Germany). The integrity of the RNA was 9.0\u00b10.5  (mean \u00b1 SD), as assessed on the Bioanalyzer (Agilent Technologies, California, USA). RNA libraries were prepared for sequencing using standard Illumina protocols.",
            "publication_doi": "",
            "publication_title": "Personalized Transcriptomics Reveals Heterogeneous Immunophenotypes in Children with Viral Bronchiolitis.",
            "pubmed_id": "30562046",
            "sample_accession_codes": [
                "SRR7011790",
                "SRR7011792",
                "SRR7011791",
                "SRR7011789",
                "SRR7011794",
                "SRR7011793",
                "SRR7011796",
                "SRR7011795",
                "SRR7011797",
                "SRR7011799",
                "SRR7011798",
                "SRR7011800",
                "SRR7011805",
                "SRR7011801",
                "SRR7011804",
                "SRR7011810",
                "SRR7011802",
                "SRR7011803",
                "SRR7011806",
                "SRR7011812",
                "SRR7011813",
                "SRR7011807",
                "SRR7011809",
                "SRR7011808",
                "SRR7011814",
                "SRR7011811",
                "SRR7011815",
                "SRR7011817",
                "SRR7011818",
                "SRR7011819",
                "SRR7011820",
                "SRR7011816",
                "SRR7011821",
                "SRR7011822",
                "SRR7011825",
                "SRR7011823",
                "SRR7011824",
                "SRR7011826",
                "SRR7011833",
                "SRR7011828",
                "SRR7011844",
                "SRR7011832",
                "SRR7011827",
                "SRR7011829",
                "SRR7011830",
                "SRR7011840",
                "SRR7011843",
                "SRR7011834",
                "SRR7011839",
                "SRR7011831",
                "SRR7011835",
                "SRR7011836",
                "SRR7011837",
                "SRR7011838",
                "SRR7011841",
                "SRR7011842",
                "SRR7011847",
                "SRR7011848",
                "SRR7011846",
                "SRR7011849",
                "SRR7011845",
                "SRR7011850"
            ],
            "source_first_published": "2018-12-26T00:00:00",
            "source_last_modified": "2018-12-26T00:00:00",
            "submitter_institution": "",
            "technology": "RNA-SEQ",
            "title": "Acute viral bronchiolitis (PBMC)"
        }
    },
    "ks_pvalue": null,
    "ks_statistic": null,
    "ks_warning": null,
    "num_experiments": 1,
    "num_samples": 62,
    "quant_sf_only": false,
    "quantile_normalized": false,
    "samples": {
        "SRR7011789": {
            "refinebio_accession_code": "SRR7011789",
            "refinebio_age": "",
            "refinebio_annotations": [],
            "refinebio_cell_line": "",
            "refinebio_compound": "",
            "refinebio_developmental_stage": "",
            "refinebio_disease": "",
            "refinebio_disease_stage": "",
            "refinebio_genetic_information": "",
            "refinebio_organism": "HOMO_SAPIENS",
            "refinebio_platform": "Illumina HiSeq 2500 (IlluminaHiSeq2500)",
            "refinebio_processed": true,
            "refinebio_processor_id": 298,
            "refinebio_processor_name": "Tximport",
            "refinebio_processor_version": "v1.20.0",
            "refinebio_race": "",
            "refinebio_sex": "",
            "refinebio_source_archive_url": "",
            "refinebio_source_database": "SRA",
            "refinebio_specimen_part": "",
            "refinebio_subject": "subject_006",
            "refinebio_time": "",
            "refinebio_title": "AVB_006_AV_PBMC",
            "refinebio_treatment": ""
        },
        "SRR7011790": {
            "refinebio_accession_code": "SRR7011790",
            "refinebio_age": "",
            "refinebio_annotations": [],
            "refinebio_cell_line": "",
            "refinebio_compound": "",
            "refinebio_developmental_stage": "",
            "refinebio_disease": "",
            "refinebio_disease_stage": "",
            "refinebio_genetic_information": "",
            "refinebio_organism": "HOMO_SAPIENS",
            "refinebio_platform": "Illumina HiSeq 2500 (IlluminaHiSeq2500)",
            "refinebio_processed": true,
            "refinebio_processor_id": 298,
            "refinebio_processor_name": "Tximport",
            "refinebio_processor_version": "v1.20.0",
            "refinebio_race": "",
            "refinebio_sex": "",
            "refinebio_source_archive_url": "",
            "refinebio_source_database": "SRA",
            "refinebio_specimen_part": "",
            "refinebio_subject": "subject_006",
            "refinebio_time": "",
            "refinebio_title": "AVB_006_CV_PBMC",
            "refinebio_treatment": ""
        },
        "SRR7011791": {
            "refinebio_accession_code": "SRR7011791",
            "refinebio_age": "",
            "refinebio_annotations": [],
            "refinebio_cell_line": "",
            "refinebio_compound": "",
            "refinebio_developmental_stage": "",
            "refinebio_disease": "",
            "refinebio_disease_stage": "",
            "refinebio_genetic_information": "",
            "refinebio_organism": "HOMO_SAPIENS",
            "refinebio_platform": "Illumina HiSeq 2500 (IlluminaHiSeq2500)",
            "refinebio_processed": true,
            "refinebio_processor_id": 298,
            "refinebio_processor_name": "Tximport",
            "refinebio_processor_version": "v1.20.0",
            "refinebio_race": "",
            "refinebio_sex": "",
            "refinebio_source_archive_url": "",
            "refinebio_source_database": "SRA",
            "refinebio_specimen_part": "",
            "refinebio_subject": "subject_007",
            "refinebio_time": "",
            "refinebio_title": "AVB_007_AV_PBMC",
            "refinebio_treatment": ""
        },
        "SRR7011792": {
            "refinebio_accession_code": "SRR7011792",
            "refinebio_age": "",
            "refinebio_annotations": [],
            "refinebio_cell_line": "",
            "refinebio_compound": "",
            "refinebio_developmental_stage": "",
            "refinebio_disease": "",
            "refinebio_disease_stage": "",
            "refinebio_genetic_information": "",
            "refinebio_organism": "HOMO_SAPIENS",
            "refinebio_platform": "Illumina HiSeq 2500 (IlluminaHiSeq2500)",
            "refinebio_processed": true,
            "refinebio_processor_id": 298,
            "refinebio_processor_name": "Tximport",
            "refinebio_processor_version": "v1.20.0",
            "refinebio_race": "",
            "refinebio_sex": "",
            "refinebio_source_archive_url": "",
            "refinebio_source_database": "SRA",
            "refinebio_specimen_part": "",
            "refinebio_subject": "subject_007",
            "refinebio_time": "",
            "refinebio_title": "AVB_007_CV_PBMC",
            "refinebio_treatment": ""
        },
        "SRR7011793": {
            "refinebio_accession_code": "SRR7011793",
            "refinebio_age": "",
            "refinebio_annotations": [],
            "refinebio_cell_line": "",
            "refinebio_compound": "",
            "refinebio_developmental_stage": "",
            "refinebio_disease": "",
            "refinebio_disease_stage": "",
            "refinebio_genetic_information": "",
            "refinebio_organism": "HOMO_SAPIENS",
            "refinebio_platform": "Illumina HiSeq 2500 (IlluminaHiSeq2500)",
            "refinebio_processed": true,
            "refinebio_processor_id": 298,
            "refinebio_processor_name": "Tximport",
            "refinebio_processor_version": "v1.20.0",
            "refinebio_race": "",
            "refinebio_sex": "",
            "refinebio_source_archive_url": "",
            "refinebio_source_database": "SRA",
            "refinebio_specimen_part": "",
            "refinebio_subject": "subject_012",
            "refinebio_time": "",
            "refinebio_title": "AVB_012_AV_PBMC",
            "refinebio_treatment": ""
        },
        "SRR7011794": {
            "refinebio_accession_code": "SRR7011794",
            "refinebio_age": "",
            "refinebio_annotations": [],
            "refinebio_cell_line": "",
            "refinebio_compound": "",
            "refinebio_developmental_stage": "",
            "refinebio_disease": "",
            "refinebio_disease_stage": "",
            "refinebio_genetic_information": "",
            "refinebio_organism": "HOMO_SAPIENS",
            "refinebio_platform": "Illumina HiSeq 2500 (IlluminaHiSeq2500)",
            "refinebio_processed": true,
            "refinebio_processor_id": 298,
            "refinebio_processor_name": "Tximport",
            "refinebio_processor_version": "v1.20.0",
            "refinebio_race": "",
            "refinebio_sex": "",
            "refinebio_source_archive_url": "",
            "refinebio_source_database": "SRA",
            "refinebio_specimen_part": "",
            "refinebio_subject": "subject_012",
            "refinebio_time": "",
            "refinebio_title": "AVB_012_CV_PBMC",
            "refinebio_treatment": ""
        },
        "SRR7011795": {
            "refinebio_accession_code": "SRR7011795",
            "refinebio_age": "",
            "refinebio_annotations": [],
            "refinebio_cell_line": "",
            "refinebio_compound": "",
            "refinebio_developmental_stage": "",
            "refinebio_disease": "",
            "refinebio_disease_stage": "",
            "refinebio_genetic_information": "",
            "refinebio_organism": "HOMO_SAPIENS",
            "refinebio_platform": "Illumina HiSeq 2500 (IlluminaHiSeq2500)",
            "refinebio_processed": true,
            "refinebio_processor_id": 298,
            "refinebio_processor_name": "Tximport",
            "refinebio_processor_version": "v1.20.0",
            "refinebio_race": "",
            "refinebio_sex": "",
            "refinebio_source_archive_url": "",
            "refinebio_source_database": "SRA",
            "refinebio_specimen_part": "",
            "refinebio_subject": "subject_020",
            "refinebio_time": "",
            "refinebio_title": "AVB_020_AV_PBMC",
            "refinebio_treatment": ""
        },
        "SRR7011796": {
            "refinebio_accession_code": "SRR7011796",
            "refinebio_age": "",
            "refinebio_annotations": [],
            "refinebio_cell_line": "",
            "refinebio_compound": "",
            "refinebio_developmental_stage": "",
            "refinebio_disease": "",
            "refinebio_disease_stage": "",
            "refinebio_genetic_information": "",
            "refinebio_organism": "HOMO_SAPIENS",
            "refinebio_platform": "Illumina HiSeq 2500 (IlluminaHiSeq2500)",
            "refinebio_processed": true,
            "refinebio_processor_id": 298,
            "refinebio_processor_name": "Tximport",
            "refinebio_processor_version": "v1.20.0",
            "refinebio_race": "",
            "refinebio_sex": "",
            "refinebio_source_archive_url": "",
            "refinebio_source_database": "SRA",
            "refinebio_specimen_part": "",
            "refinebio_subject": "subject_020",
            "refinebio_time": "",
            "refinebio_title": "AVB_020_CV_PBMC",
            "refinebio_treatment": ""
        },
        "SRR7011797": {
            "refinebio_accession_code": "SRR7011797",
            "refinebio_age": "",
            "refinebio_annotations": [],
            "refinebio_cell_line": "",
            "refinebio_compound": "",
            "refinebio_developmental_stage": "",
            "refinebio_disease": "",
            "refinebio_disease_stage": "",
            "refinebio_genetic_information": "",
            "refinebio_organism": "HOMO_SAPIENS",
            "refinebio_platform": "Illumina HiSeq 2500 (IlluminaHiSeq2500)",
            "refinebio_processed": true,
            "refinebio_processor_id": 298,
            "refinebio_processor_name": "Tximport",
            "refinebio_processor_version": "v1.20.0",
            "refinebio_race": "",
            "refinebio_sex": "",
            "refinebio_source_archive_url": "",
            "refinebio_source_database": "SRA",
            "refinebio_specimen_part": "",
            "refinebio_subject": "subject_021",
            "refinebio_time": "",
            "refinebio_title": "AVB_021_AV_PBMC",
            "refinebio_treatment": ""
        },
        "SRR7011798": {
            "refinebio_accession_code": "SRR7011798",
            "refinebio_age": "",
            "refinebio_annotations": [],
            "refinebio_cell_line": "",
            "refinebio_compound": "",
            "refinebio_developmental_stage": "",
            "refinebio_disease": "",
            "refinebio_disease_stage": "",
            "refinebio_genetic_information": "",
            "refinebio_organism": "HOMO_SAPIENS",
            "refinebio_platform": "Illumina HiSeq 2500 (IlluminaHiSeq2500)",
            "refinebio_processed": true,
            "refinebio_processor_id": 298,
            "refinebio_processor_name": "Tximport",
            "refinebio_processor_version": "v1.20.0",
            "refinebio_race": "",
            "refinebio_sex": "",
            "refinebio_source_archive_url": "",
            "refinebio_source_database": "SRA",
            "refinebio_specimen_part": "",
            "refinebio_subject": "subject_021",
            "refinebio_time": "",
            "refinebio_title": "AVB_021_CV_PBMC",
            "refinebio_treatment": ""
        },
        "SRR7011799": {
            "refinebio_accession_code": "SRR7011799",
            "refinebio_age": "",
            "refinebio_annotations": [],
            "refinebio_cell_line": "",
            "refinebio_compound": "",
            "refinebio_developmental_stage": "",
            "refinebio_disease": "",
            "refinebio_disease_stage": "",
            "refinebio_genetic_information": "",
            "refinebio_organism": "HOMO_SAPIENS",
            "refinebio_platform": "Illumina HiSeq 2500 (IlluminaHiSeq2500)",
            "refinebio_processed": true,
            "refinebio_processor_id": 298,
            "refinebio_processor_name": "Tximport",
            "refinebio_processor_version": "v1.20.0",
            "refinebio_race": "",
            "refinebio_sex": "",
            "refinebio_source_archive_url": "",
            "refinebio_source_database": "SRA",
            "refinebio_specimen_part": "",
            "refinebio_subject": "subject_034",
            "refinebio_time": "",
            "refinebio_title": "AVB_034_AV_PBMC",
            "refinebio_treatment": ""
        },
        "SRR7011800": {
            "refinebio_accession_code": "SRR7011800",
            "refinebio_age": "",
            "refinebio_annotations": [],
            "refinebio_cell_line": "",
            "refinebio_compound": "",
            "refinebio_developmental_stage": "",
            "refinebio_disease": "",
            "refinebio_disease_stage": "",
            "refinebio_genetic_information": "",
            "refinebio_organism": "HOMO_SAPIENS",
            "refinebio_platform": "Illumina HiSeq 2500 (IlluminaHiSeq2500)",
            "refinebio_processed": true,
            "refinebio_processor_id": 298,
            "refinebio_processor_name": "Tximport",
            "refinebio_processor_version": "v1.20.0",
            "refinebio_race": "",
            "refinebio_sex": "",
            "refinebio_source_archive_url": "",
            "refinebio_source_database": "SRA",
            "refinebio_specimen_part": "",
            "refinebio_subject": "subject_034",
            "refinebio_time": "",
            "refinebio_title": "AVB_034_CV_PBMC",
            "refinebio_treatment": ""
        },
        "SRR7011801": {
            "refinebio_accession_code": "SRR7011801",
            "refinebio_age": "",
            "refinebio_annotations": [],
            "refinebio_cell_line": "",
            "refinebio_compound": "",
            "refinebio_developmental_stage": "",
            "refinebio_disease": "",
            "refinebio_disease_stage": "",
            "refinebio_genetic_information": "",
            "refinebio_organism": "HOMO_SAPIENS",
            "refinebio_platform": "Illumina HiSeq 2500 (IlluminaHiSeq2500)",
            "refinebio_processed": true,
            "refinebio_processor_id": 298,
            "refinebio_processor_name": "Tximport",
            "refinebio_processor_version": "v1.20.0",
            "refinebio_race": "",
            "refinebio_sex": "",
            "refinebio_source_archive_url": "",
            "refinebio_source_database": "SRA",
            "refinebio_specimen_part": "",
            "refinebio_subject": "subject_067",
            "refinebio_time": "",
            "refinebio_title": "AVB_067_AV_PBMC",
            "refinebio_treatment": ""
        },
        "SRR7011802": {
            "refinebio_accession_code": "SRR7011802",
            "refinebio_age": "",
            "refinebio_annotations": [],
            "refinebio_cell_line": "",
            "refinebio_compound": "",
            "refinebio_developmental_stage": "",
            "refinebio_disease": "",
            "refinebio_disease_stage": "",
            "refinebio_genetic_information": "",
            "refinebio_organism": "HOMO_SAPIENS",
            "refinebio_platform": "Illumina HiSeq 2500 (IlluminaHiSeq2500)",
            "refinebio_processed": true,
            "refinebio_processor_id": 298,
            "refinebio_processor_name": "Tximport",
            "refinebio_processor_version": "v1.20.0",
            "refinebio_race": "",
            "refinebio_sex": "",
            "refinebio_source_archive_url": "",
            "refinebio_source_database": "SRA",
            "refinebio_specimen_part": "",
            "refinebio_subject": "subject_067",
            "refinebio_time": "",
            "refinebio_title": "AVB_067_CV_PBMC",
            "refinebio_treatment": ""
        },
        "SRR7011803": {
            "refinebio_accession_code": "SRR7011803",
            "refinebio_age": "",
            "refinebio_annotations": [],
            "refinebio_cell_line": "",
            "refinebio_compound": "",
            "refinebio_developmental_stage": "",
            "refinebio_disease": "",
            "refinebio_disease_stage": "",
            "refinebio_genetic_information": "",
            "refinebio_organism": "HOMO_SAPIENS",
            "refinebio_platform": "Illumina HiSeq 2500 (IlluminaHiSeq2500)",
            "refinebio_processed": true,
            "refinebio_processor_id": 298,
            "refinebio_processor_name": "Tximport",
            "refinebio_processor_version": "v1.20.0",
            "refinebio_race": "",
            "refinebio_sex": "",
            "refinebio_source_archive_url": "",
            "refinebio_source_database": "SRA",
            "refinebio_specimen_part": "",
            "refinebio_subject": "subject_082",
            "refinebio_time": "",
            "refinebio_title": "AVB_082_AV_PBMC",
            "refinebio_treatment": ""
        },
        "SRR7011804": {
            "refinebio_accession_code": "SRR7011804",
            "refinebio_age": "",
            "refinebio_annotations": [],
            "refinebio_cell_line": "",
            "refinebio_compound": "",
            "refinebio_developmental_stage": "",
            "refinebio_disease": "",
            "refinebio_disease_stage": "",
            "refinebio_genetic_information": "",
            "refinebio_organism": "HOMO_SAPIENS",
            "refinebio_platform": "Illumina HiSeq 2500 (IlluminaHiSeq2500)",
            "refinebio_processed": true,
            "refinebio_processor_id": 298,
            "refinebio_processor_name": "Tximport",
            "refinebio_processor_version": "v1.20.0",
            "refinebio_race": "",
            "refinebio_sex": "",
            "refinebio_source_archive_url": "",
            "refinebio_source_database": "SRA",
            "refinebio_specimen_part": "",
            "refinebio_subject": "subject_082",
            "refinebio_time": "",
            "refinebio_title": "AVB_082_CV_PBMC",
            "refinebio_treatment": ""
        },
        "SRR7011805": {
            "refinebio_accession_code": "SRR7011805",
            "refinebio_age": "",
            "refinebio_annotations": [],
            "refinebio_cell_line": "",
            "refinebio_compound": "",
            "refinebio_developmental_stage": "",
            "refinebio_disease": "",
            "refinebio_disease_stage": "",
            "refinebio_genetic_information": "",
            "refinebio_organism": "HOMO_SAPIENS",
            "refinebio_platform": "Illumina HiSeq 2500 (IlluminaHiSeq2500)",
            "refinebio_processed": true,
            "refinebio_processor_id": 298,
            "refinebio_processor_name": "Tximport",
            "refinebio_processor_version": "v1.20.0",
            "refinebio_race": "",
            "refinebio_sex": "",
            "refinebio_source_archive_url": "",
            "refinebio_source_database": "SRA",
            "refinebio_specimen_part": "",
            "refinebio_subject": "subject_083",
            "refinebio_time": "",
            "refinebio_title": "AVB_083_AV_PBMC",
            "refinebio_treatment": ""
        },
        "SRR7011806": {
            "refinebio_accession_code": "SRR7011806",
            "refinebio_age": "",
            "refinebio_annotations": [],
            "refinebio_cell_line": "",
            "refinebio_compound": "",
            "refinebio_developmental_stage": "",
            "refinebio_disease": "",
            "refinebio_disease_stage": "",
            "refinebio_genetic_information": "",
            "refinebio_organism": "HOMO_SAPIENS",
            "refinebio_platform": "Illumina HiSeq 2500 (IlluminaHiSeq2500)",
            "refinebio_processed": true,
            "refinebio_processor_id": 298,
            "refinebio_processor_name": "Tximport",
            "refinebio_processor_version": "v1.20.0",
            "refinebio_race": "",
            "refinebio_sex": "",
            "refinebio_source_archive_url": "",
            "refinebio_source_database": "SRA",
            "refinebio_specimen_part": "",
            "refinebio_subject": "subject_083",
            "refinebio_time": "",
            "refinebio_title": "AVB_083_CV_PBMC",
            "refinebio_treatment": ""
        },
        "SRR7011807": {
            "refinebio_accession_code": "SRR7011807",
            "refinebio_age": "",
            "refinebio_annotations": [],
            "refinebio_cell_line": "",
            "refinebio_compound": "",
            "refinebio_developmental_stage": "",
            "refinebio_disease": "",
            "refinebio_disease_stage": "",
            "refinebio_genetic_information": "",
            "refinebio_organism": "HOMO_SAPIENS",
            "refinebio_platform": "Illumina HiSeq 2500 (IlluminaHiSeq2500)",
            "refinebio_processed": true,
            "refinebio_processor_id": 298,
            "refinebio_processor_name": "Tximport",
            "refinebio_processor_version": "v1.20.0",
            "refinebio_race": "",
            "refinebio_sex": "",
            "refinebio_source_archive_url": "",
            "refinebio_source_database": "SRA",
            "refinebio_specimen_part": "",
            "refinebio_subject": "subject_084",
            "refinebio_time": "",
            "refinebio_title": "AVB_084_AV_PBMC",
            "refinebio_treatment": ""
        },
        "SRR7011808": {
            "refinebio_accession_code": "SRR7011808",
            "refinebio_age": "",
            "refinebio_annotations": [],
            "refinebio_cell_line": "",
            "refinebio_compound": "",
            "refinebio_developmental_stage": "",
            "refinebio_disease": "",
            "refinebio_disease_stage": "",
            "refinebio_genetic_information": "",
            "refinebio_organism": "HOMO_SAPIENS",
            "refinebio_platform": "Illumina HiSeq 2500 (IlluminaHiSeq2500)",
            "refinebio_processed": true,
            "refinebio_processor_id": 298,
            "refinebio_processor_name": "Tximport",
            "refinebio_processor_version": "v1.20.0",
            "refinebio_race": "",
            "refinebio_sex": "",
            "refinebio_source_archive_url": "",
            "refinebio_source_database": "SRA",
            "refinebio_specimen_part": "",
            "refinebio_subject": "subject_084",
            "refinebio_time": "",
            "refinebio_title": "AVB_084_CV_PBMC",
            "refinebio_treatment": ""
        },
        "SRR7011809": {
            "refinebio_accession_code": "SRR7011809",
            "refinebio_age": "",
            "refinebio_annotations": [],
            "refinebio_cell_line": "",
            "refinebio_compound": "",
            "refinebio_developmental_stage": "",
            "refinebio_disease": "",
            "refinebio_disease_stage": "",
            "refinebio_genetic_information": "",
            "refinebio_organism": "HOMO_SAPIENS",
            "refinebio_platform": "Illumina HiSeq 2500 (IlluminaHiSeq2500)",
            "refinebio_processed": true,
            "refinebio_processor_id": 298,
            "refinebio_processor_name": "Tximport",
            "refinebio_processor_version": "v1.20.0",
            "refinebio_race": "",
            "refinebio_sex": "",
            "refinebio_source_archive_url": "",
            "refinebio_source_database": "SRA",
            "refinebio_specimen_part": "",
            "refinebio_subject": "subject_086",
            "refinebio_time": "",
            "refinebio_title": "AVB_086_AV_PBMC",
            "refinebio_treatment": ""
        },
        "SRR7011810": {
            "refinebio_accession_code": "SRR7011810",
            "refinebio_age": "",
            "refinebio_annotations": [],
            "refinebio_cell_line": "",
            "refinebio_compound": "",
            "refinebio_developmental_stage": "",
            "refinebio_disease": "",
            "refinebio_disease_stage": "",
            "refinebio_genetic_information": "",
            "refinebio_organism": "HOMO_SAPIENS",
            "refinebio_platform": "Illumina HiSeq 2500 (IlluminaHiSeq2500)",
            "refinebio_processed": true,
            "refinebio_processor_id": 298,
            "refinebio_processor_name": "Tximport",
            "refinebio_processor_version": "v1.20.0",
            "refinebio_race": "",
            "refinebio_sex": "",
            "refinebio_source_archive_url": "",
            "refinebio_source_database": "SRA",
            "refinebio_specimen_part": "",
            "refinebio_subject": "subject_086",
            "refinebio_time": "",
            "refinebio_title": "AVB_086_CV_PBMC",
            "refinebio_treatment": ""
        },
        "SRR7011811": {
            "refinebio_accession_code": "SRR7011811",
            "refinebio_age": "",
            "refinebio_annotations": [],
            "refinebio_cell_line": "",
            "refinebio_compound": "",
            "refinebio_developmental_stage": "",
            "refinebio_disease": "",
            "refinebio_disease_stage": "",
            "refinebio_genetic_information": "",
            "refinebio_organism": "HOMO_SAPIENS",
            "refinebio_platform": "Illumina HiSeq 2500 (IlluminaHiSeq2500)",
            "refinebio_processed": true,
            "refinebio_processor_id": 298,
            "refinebio_processor_name": "Tximport",
            "refinebio_processor_version": "v1.20.0",
            "refinebio_race": "",
            "refinebio_sex": "",
            "refinebio_source_archive_url": "",
            "refinebio_source_database": "SRA",
            "refinebio_specimen_part": "",
            "refinebio_subject": "subject_087",
            "refinebio_time": "",
            "refinebio_title": "AVB_087_AV_PBMC",
            "refinebio_treatment": ""
        },
        "SRR7011812": {
            "refinebio_accession_code": "SRR7011812",
            "refinebio_age": "",
            "refinebio_annotations": [],
            "refinebio_cell_line": "",
            "refinebio_compound": "",
            "refinebio_developmental_stage": "",
            "refinebio_disease": "",
            "refinebio_disease_stage": "",
            "refinebio_genetic_information": "",
            "refinebio_organism": "HOMO_SAPIENS",
            "refinebio_platform": "Illumina HiSeq 2500 (IlluminaHiSeq2500)",
            "refinebio_processed": true,
            "refinebio_processor_id": 298,
            "refinebio_processor_name": "Tximport",
            "refinebio_processor_version": "v1.20.0",
            "refinebio_race": "",
            "refinebio_sex": "",
            "refinebio_source_archive_url": "",
            "refinebio_source_database": "SRA",
            "refinebio_specimen_part": "",
            "refinebio_subject": "subject_087",
            "refinebio_time": "",
            "refinebio_title": "AVB_087_CV_PBMC",
            "refinebio_treatment": ""
        },
        "SRR7011813": {
            "refinebio_accession_code": "SRR7011813",
            "refinebio_age": "",
            "refinebio_annotations": [],
            "refinebio_cell_line": "",
            "refinebio_compound": "",
            "refinebio_developmental_stage": "",
            "refinebio_disease": "",
            "refinebio_disease_stage": "",
            "refinebio_genetic_information": "",
            "refinebio_organism": "HOMO_SAPIENS",
            "refinebio_platform": "Illumina HiSeq 2500 (IlluminaHiSeq2500)",
            "refinebio_processed": true,
            "refinebio_processor_id": 298,
            "refinebio_processor_name": "Tximport",
            "refinebio_processor_version": "v1.20.0",
            "refinebio_race": "",
            "refinebio_sex": "",
            "refinebio_source_archive_url": "",
            "refinebio_source_database": "SRA",
            "refinebio_specimen_part": "",
            "refinebio_subject": "subject_088",
            "refinebio_time": "",
            "refinebio_title": "AVB_088_AV_PBMC",
            "refinebio_treatment": ""
        },
        "SRR7011814": {
            "refinebio_accession_code": "SRR7011814",
            "refinebio_age": "",
            "refinebio_annotations": [],
            "refinebio_cell_line": "",
            "refinebio_compound": "",
            "refinebio_developmental_stage": "",
            "refinebio_disease": "",
            "refinebio_disease_stage": "",
            "refinebio_genetic_information": "",
            "refinebio_organism": "HOMO_SAPIENS",
            "refinebio_platform": "Illumina HiSeq 2500 (IlluminaHiSeq2500)",
            "refinebio_processed": true,
            "refinebio_processor_id": 298,
            "refinebio_processor_name": "Tximport",
            "refinebio_processor_version": "v1.20.0",
            "refinebio_race": "",
            "refinebio_sex": "",
            "refinebio_source_archive_url": "",
            "refinebio_source_database": "SRA",
            "refinebio_specimen_part": "",
            "refinebio_subject": "subject_088",
            "refinebio_time": "",
            "refinebio_title": "AVB_088_CV_PBMC",
            "refinebio_treatment": ""
        },
        "SRR7011815": {
            "refinebio_accession_code": "SRR7011815",
            "refinebio_age": "",
            "refinebio_annotations": [],
            "refinebio_cell_line": "",
            "refinebio_compound": "",
            "refinebio_developmental_stage": "",
            "refinebio_disease": "",
            "refinebio_disease_stage": "",
            "refinebio_genetic_information": "",
            "refinebio_organism": "HOMO_SAPIENS",
            "refinebio_platform": "Illumina HiSeq 2500 (IlluminaHiSeq2500)",
            "refinebio_processed": true,
            "refinebio_processor_id": 298,
            "refinebio_processor_name": "Tximport",
            "refinebio_processor_version": "v1.20.0",
            "refinebio_race": "",
            "refinebio_sex": "",
            "refinebio_source_archive_url": "",
            "refinebio_source_database": "SRA",
            "refinebio_specimen_part": "",
            "refinebio_subject": "subject_089",
            "refinebio_time": "",
            "refinebio_title": "AVB_089_AV_PBMC",
            "refinebio_treatment": ""
        },
        "SRR7011816": {
            "refinebio_accession_code": "SRR7011816",
            "refinebio_age": "",
            "refinebio_annotations": [],
            "refinebio_cell_line": "",
            "refinebio_compound": "",
            "refinebio_developmental_stage": "",
            "refinebio_disease": "",
            "refinebio_disease_stage": "",
            "refinebio_genetic_information": "",
            "refinebio_organism": "HOMO_SAPIENS",
            "refinebio_platform": "Illumina HiSeq 2500 (IlluminaHiSeq2500)",
            "refinebio_processed": true,
            "refinebio_processor_id": 298,
            "refinebio_processor_name": "Tximport",
            "refinebio_processor_version": "v1.20.0",
            "refinebio_race": "",
            "refinebio_sex": "",
            "refinebio_source_archive_url": "",
            "refinebio_source_database": "SRA",
            "refinebio_specimen_part": "",
            "refinebio_subject": "subject_089",
            "refinebio_time": "",
            "refinebio_title": "AVB_089_CV_PBMC",
            "refinebio_treatment": ""
        },
        "SRR7011817": {
            "refinebio_accession_code": "SRR7011817",
            "refinebio_age": "",
            "refinebio_annotations": [],
            "refinebio_cell_line": "",
            "refinebio_compound": "",
            "refinebio_developmental_stage": "",
            "refinebio_disease": "",
            "refinebio_disease_stage": "",
            "refinebio_genetic_information": "",
            "refinebio_organism": "HOMO_SAPIENS",
            "refinebio_platform": "Illumina HiSeq 2500 (IlluminaHiSeq2500)",
            "refinebio_processed": true,
            "refinebio_processor_id": 298,
            "refinebio_processor_name": "Tximport",
            "refinebio_processor_version": "v1.20.0",
            "refinebio_race": "",
            "refinebio_sex": "",
            "refinebio_source_archive_url": "",
            "refinebio_source_database": "SRA",
            "refinebio_specimen_part": "",
            "refinebio_subject": "subject_092",
            "refinebio_time": "",
            "refinebio_title": "AVB_092_AV_PBMC",
            "refinebio_treatment": ""
        },
        "SRR7011818": {
            "refinebio_accession_code": "SRR7011818",
            "refinebio_age": "",
            "refinebio_annotations": [],
            "refinebio_cell_line": "",
            "refinebio_compound": "",
            "refinebio_developmental_stage": "",
            "refinebio_disease": "",
            "refinebio_disease_stage": "",
            "refinebio_genetic_information": "",
            "refinebio_organism": "HOMO_SAPIENS",
            "refinebio_platform": "Illumina HiSeq 2500 (IlluminaHiSeq2500)",
            "refinebio_processed": true,
            "refinebio_processor_id": 298,
            "refinebio_processor_name": "Tximport",
            "refinebio_processor_version": "v1.20.0",
            "refinebio_race": "",
            "refinebio_sex": "",
            "refinebio_source_archive_url": "",
            "refinebio_source_database": "SRA",
            "refinebio_specimen_part": "",
            "refinebio_subject": "subject_092",
            "refinebio_time": "",
            "refinebio_title": "AVB_092_CV_PBMC",
            "refinebio_treatment": ""
        },
        "SRR7011819": {
            "refinebio_accession_code": "SRR7011819",
            "refinebio_age": "",
            "refinebio_annotations": [],
            "refinebio_cell_line": "",
            "refinebio_compound": "",
            "refinebio_developmental_stage": "",
            "refinebio_disease": "",
            "refinebio_disease_stage": "",
            "refinebio_genetic_information": "",
            "refinebio_organism": "HOMO_SAPIENS",
            "refinebio_platform": "Illumina HiSeq 2500 (IlluminaHiSeq2500)",
            "refinebio_processed": true,
            "refinebio_processor_id": 298,
            "refinebio_processor_name": "Tximport",
            "refinebio_processor_version": "v1.20.0",
            "refinebio_race": "",
            "refinebio_sex": "",
            "refinebio_source_archive_url": "",
            "refinebio_source_database": "SRA",
            "refinebio_specimen_part": "",
            "refinebio_subject": "subject_093",
            "refinebio_time": "",
            "refinebio_title": "AVB_093_AV_PBMC",
            "refinebio_treatment": ""
        },
        "SRR7011820": {
            "refinebio_accession_code": "SRR7011820",
            "refinebio_age": "",
            "refinebio_annotations": [],
            "refinebio_cell_line": "",
            "refinebio_compound": "",
            "refinebio_developmental_stage": "",
            "refinebio_disease": "",
            "refinebio_disease_stage": "",
            "refinebio_genetic_information": "",
            "refinebio_organism": "HOMO_SAPIENS",
            "refinebio_platform": "Illumina HiSeq 2500 (IlluminaHiSeq2500)",
            "refinebio_processed": true,
            "refinebio_processor_id": 298,
            "refinebio_processor_name": "Tximport",
            "refinebio_processor_version": "v1.20.0",
            "refinebio_race": "",
            "refinebio_sex": "",
            "refinebio_source_archive_url": "",
            "refinebio_source_database": "SRA",
            "refinebio_specimen_part": "",
            "refinebio_subject": "subject_093",
            "refinebio_time": "",
            "refinebio_title": "AVB_093_CV_PBMC",
            "refinebio_treatment": ""
        },
        "SRR7011821": {
            "refinebio_accession_code": "SRR7011821",
            "refinebio_age": "",
            "refinebio_annotations": [],
            "refinebio_cell_line": "",
            "refinebio_compound": "",
            "refinebio_developmental_stage": "",
            "refinebio_disease": "",
            "refinebio_disease_stage": "",
            "refinebio_genetic_information": "",
            "refinebio_organism": "HOMO_SAPIENS",
            "refinebio_platform": "Illumina HiSeq 2500 (IlluminaHiSeq2500)",
            "refinebio_processed": true,
            "refinebio_processor_id": 298,
            "refinebio_processor_name": "Tximport",
            "refinebio_processor_version": "v1.20.0",
            "refinebio_race": "",
            "refinebio_sex": "",
            "refinebio_source_archive_url": "",
            "refinebio_source_database": "SRA",
            "refinebio_specimen_part": "",
            "refinebio_subject": "subject_094",
            "refinebio_time": "",
            "refinebio_title": "AVB_094_AV_PBMC",
            "refinebio_treatment": ""
        },
        "SRR7011822": {
            "refinebio_accession_code": "SRR7011822",
            "refinebio_age": "",
            "refinebio_annotations": [],
            "refinebio_cell_line": "",
            "refinebio_compound": "",
            "refinebio_developmental_stage": "",
            "refinebio_disease": "",
            "refinebio_disease_stage": "",
            "refinebio_genetic_information": "",
            "refinebio_organism": "HOMO_SAPIENS",
            "refinebio_platform": "Illumina HiSeq 2500 (IlluminaHiSeq2500)",
            "refinebio_processed": true,
            "refinebio_processor_id": 298,
            "refinebio_processor_name": "Tximport",
            "refinebio_processor_version": "v1.20.0",
            "refinebio_race": "",
            "refinebio_sex": "",
            "refinebio_source_archive_url": "",
            "refinebio_source_database": "SRA",
            "refinebio_specimen_part": "",
            "refinebio_subject": "subject_094",
            "refinebio_time": "",
            "refinebio_title": "AVB_094_CV_PBMC",
            "refinebio_treatment": ""
        },
        "SRR7011823": {
            "refinebio_accession_code": "SRR7011823",
            "refinebio_age": "",
            "refinebio_annotations": [],
            "refinebio_cell_line": "",
            "refinebio_compound": "",
            "refinebio_developmental_stage": "",
            "refinebio_disease": "",
            "refinebio_disease_stage": "",
            "refinebio_genetic_information": "",
            "refinebio_organism": "HOMO_SAPIENS",
            "refinebio_platform": "Illumina HiSeq 2500 (IlluminaHiSeq2500)",
            "refinebio_processed": true,
            "refinebio_processor_id": 298,
            "refinebio_processor_name": "Tximport",
            "refinebio_processor_version": "v1.20.0",
            "refinebio_race": "",
            "refinebio_sex": "",
            "refinebio_source_archive_url": "",
            "refinebio_source_database": "SRA",
            "refinebio_specimen_part": "",
            "refinebio_subject": "subject_095",
            "refinebio_time": "",
            "refinebio_title": "AVB_095_AV_PBMC",
            "refinebio_treatment": ""
        },
        "SRR7011824": {
            "refinebio_accession_code": "SRR7011824",
            "refinebio_age": "",
            "refinebio_annotations": [],
            "refinebio_cell_line": "",
            "refinebio_compound": "",
            "refinebio_developmental_stage": "",
            "refinebio_disease": "",
            "refinebio_disease_stage": "",
            "refinebio_genetic_information": "",
            "refinebio_organism": "HOMO_SAPIENS",
            "refinebio_platform": "Illumina HiSeq 2500 (IlluminaHiSeq2500)",
            "refinebio_processed": true,
            "refinebio_processor_id": 298,
            "refinebio_processor_name": "Tximport",
            "refinebio_processor_version": "v1.20.0",
            "refinebio_race": "",
            "refinebio_sex": "",
            "refinebio_source_archive_url": "",
            "refinebio_source_database": "SRA",
            "refinebio_specimen_part": "",
            "refinebio_subject": "subject_095",
            "refinebio_time": "",
            "refinebio_title": "AVB_095_CV_PBMC",
            "refinebio_treatment": ""
        },
        "SRR7011825": {
            "refinebio_accession_code": "SRR7011825",
            "refinebio_age": "",
            "refinebio_annotations": [],
            "refinebio_cell_line": "",
            "refinebio_compound": "",
            "refinebio_developmental_stage": "",
            "refinebio_disease": "",
            "refinebio_disease_stage": "",
            "refinebio_genetic_information": "",
            "refinebio_organism": "HOMO_SAPIENS",
            "refinebio_platform": "Illumina HiSeq 2500 (IlluminaHiSeq2500)",
            "refinebio_processed": true,
            "refinebio_processor_id": 298,
            "refinebio_processor_name": "Tximport",
            "refinebio_processor_version": "v1.20.0",
            "refinebio_race": "",
            "refinebio_sex": "",
            "refinebio_source_archive_url": "",
            "refinebio_source_database": "SRA",
            "refinebio_specimen_part": "",
            "refinebio_subject": "subject_099",
            "refinebio_time": "",
            "refinebio_title": "AVB_099_AV_PBMC",
            "refinebio_treatment": ""
        },
        "SRR7011826": {
            "refinebio_accession_code": "SRR7011826",
            "refinebio_age": "",
            "refinebio_annotations": [],
            "refinebio_cell_line": "",
            "refinebio_compound": "",
            "refinebio_developmental_stage": "",
            "refinebio_disease": "",
            "refinebio_disease_stage": "",
            "refinebio_genetic_information": "",
            "refinebio_organism": "HOMO_SAPIENS",
            "refinebio_platform": "Illumina HiSeq 2500 (IlluminaHiSeq2500)",
            "refinebio_processed": true,
            "refinebio_processor_id": 298,
            "refinebio_processor_name": "Tximport",
            "refinebio_processor_version": "v1.20.0",
            "refinebio_race": "",
            "refinebio_sex": "",
            "refinebio_source_archive_url": "",
            "refinebio_source_database": "SRA",
            "refinebio_specimen_part": "",
            "refinebio_subject": "subject_099",
            "refinebio_time": "",
            "refinebio_title": "AVB_099_CV_PBMC",
            "refinebio_treatment": ""
        },
        "SRR7011827": {
            "refinebio_accession_code": "SRR7011827",
            "refinebio_age": "",
            "refinebio_annotations": [],
            "refinebio_cell_line": "",
            "refinebio_compound": "",
            "refinebio_developmental_stage": "",
            "refinebio_disease": "",
            "refinebio_disease_stage": "",
            "refinebio_genetic_information": "",
            "refinebio_organism": "HOMO_SAPIENS",
            "refinebio_platform": "Illumina HiSeq 2500 (IlluminaHiSeq2500)",
            "refinebio_processed": true,
            "refinebio_processor_id": 298,
            "refinebio_processor_name": "Tximport",
            "refinebio_processor_version": "v1.20.0",
            "refinebio_race": "",
            "refinebio_sex": "",
            "refinebio_source_archive_url": "",
            "refinebio_source_database": "SRA",
            "refinebio_specimen_part": "",
            "refinebio_subject": "subject_101",
            "refinebio_time": "",
            "refinebio_title": "AVB_101_AV_PBMC",
            "refinebio_treatment": ""
        },
        "SRR7011828": {
            "refinebio_accession_code": "SRR7011828",
            "refinebio_age": "",
            "refinebio_annotations": [],
            "refinebio_cell_line": "",
            "refinebio_compound": "",
            "refinebio_developmental_stage": "",
            "refinebio_disease": "",
            "refinebio_disease_stage": "",
            "refinebio_genetic_information": "",
            "refinebio_organism": "HOMO_SAPIENS",
            "refinebio_platform": "Illumina HiSeq 2500 (IlluminaHiSeq2500)",
            "refinebio_processed": true,
            "refinebio_processor_id": 298,
            "refinebio_processor_name": "Tximport",
            "refinebio_processor_version": "v1.20.0",
            "refinebio_race": "",
            "refinebio_sex": "",
            "refinebio_source_archive_url": "",
            "refinebio_source_database": "SRA",
            "refinebio_specimen_part": "",
            "refinebio_subject": "subject_101",
            "refinebio_time": "",
            "refinebio_title": "AVB_101_CV_PBMC",
            "refinebio_treatment": ""
        },
        "SRR7011829": {
            "refinebio_accession_code": "SRR7011829",
            "refinebio_age": "",
            "refinebio_annotations": [],
            "refinebio_cell_line": "",
            "refinebio_compound": "",
            "refinebio_developmental_stage": "",
            "refinebio_disease": "",
            "refinebio_disease_stage": "",
            "refinebio_genetic_information": "",
            "refinebio_organism": "HOMO_SAPIENS",
            "refinebio_platform": "Illumina HiSeq 2500 (IlluminaHiSeq2500)",
            "refinebio_processed": true,
            "refinebio_processor_id": 298,
            "refinebio_processor_name": "Tximport",
            "refinebio_processor_version": "v1.20.0",
            "refinebio_race": "",
            "refinebio_sex": "",
            "refinebio_source_archive_url": "",
            "refinebio_source_database": "SRA",
            "refinebio_specimen_part": "",
            "refinebio_subject": "subject_106",
            "refinebio_time": "",
            "refinebio_title": "AVB_106_AV_PBMC",
            "refinebio_treatment": ""
        },
        "SRR7011830": {
            "refinebio_accession_code": "SRR7011830",
            "refinebio_age": "",
            "refinebio_annotations": [],
            "refinebio_cell_line": "",
            "refinebio_compound": "",
            "refinebio_developmental_stage": "",
            "refinebio_disease": "",
            "refinebio_disease_stage": "",
            "refinebio_genetic_information": "",
            "refinebio_organism": "HOMO_SAPIENS",
            "refinebio_platform": "Illumina HiSeq 2500 (IlluminaHiSeq2500)",
            "refinebio_processed": true,
            "refinebio_processor_id": 298,
            "refinebio_processor_name": "Tximport",
            "refinebio_processor_version": "v1.20.0",
            "refinebio_race": "",
            "refinebio_sex": "",
            "refinebio_source_archive_url": "",
            "refinebio_source_database": "SRA",
            "refinebio_specimen_part": "",
            "refinebio_subject": "subject_106",
            "refinebio_time": "",
            "refinebio_title": "AVB_106_CV_PBMC",
            "refinebio_treatment": ""
        },
        "SRR7011831": {
            "refinebio_accession_code": "SRR7011831",
            "refinebio_age": "",
            "refinebio_annotations": [],
            "refinebio_cell_line": "",
            "refinebio_compound": "",
            "refinebio_developmental_stage": "",
            "refinebio_disease": "",
            "refinebio_disease_stage": "",
            "refinebio_genetic_information": "",
            "refinebio_organism": "HOMO_SAPIENS",
            "refinebio_platform": "Illumina HiSeq 2500 (IlluminaHiSeq2500)",
            "refinebio_processed": true,
            "refinebio_processor_id": 298,
            "refinebio_processor_name": "Tximport",
            "refinebio_processor_version": "v1.20.0",
            "refinebio_race": "",
            "refinebio_sex": "",
            "refinebio_source_archive_url": "",
            "refinebio_source_database": "SRA",
            "refinebio_specimen_part": "",
            "refinebio_subject": "subject_108",
            "refinebio_time": "",
            "refinebio_title": "AVB_108_AV_PBMC",
            "refinebio_treatment": ""
        },
        "SRR7011832": {
            "refinebio_accession_code": "SRR7011832",
            "refinebio_age": "",
            "refinebio_annotations": [],
            "refinebio_cell_line": "",
            "refinebio_compound": "",
            "refinebio_developmental_stage": "",
            "refinebio_disease": "",
            "refinebio_disease_stage": "",
            "refinebio_genetic_information": "",
            "refinebio_organism": "HOMO_SAPIENS",
            "refinebio_platform": "Illumina HiSeq 2500 (IlluminaHiSeq2500)",
            "refinebio_processed": true,
            "refinebio_processor_id": 298,
            "refinebio_processor_name": "Tximport",
            "refinebio_processor_version": "v1.20.0",
            "refinebio_race": "",
            "refinebio_sex": "",
            "refinebio_source_archive_url": "",
            "refinebio_source_database": "SRA",
            "refinebio_specimen_part": "",
            "refinebio_subject": "subject_108",
            "refinebio_time": "",
            "refinebio_title": "AVB_108_CV_PBMC",
            "refinebio_treatment": ""
        },
        "SRR7011833": {
            "refinebio_accession_code": "SRR7011833",
            "refinebio_age": "",
            "refinebio_annotations": [],
            "refinebio_cell_line": "",
            "refinebio_compound": "",
            "refinebio_developmental_stage": "",
            "refinebio_disease": "",
            "refinebio_disease_stage": "",
            "refinebio_genetic_information": "",
            "refinebio_organism": "HOMO_SAPIENS",
            "refinebio_platform": "Illumina HiSeq 2500 (IlluminaHiSeq2500)",
            "refinebio_processed": true,
            "refinebio_processor_id": 298,
            "refinebio_processor_name": "Tximport",
            "refinebio_processor_version": "v1.20.0",
            "refinebio_race": "",
            "refinebio_sex": "",
            "refinebio_source_archive_url": "",
            "refinebio_source_database": "SRA",
            "refinebio_specimen_part": "",
            "refinebio_subject": "subject_109",
            "refinebio_time": "",
            "refinebio_title": "AVB_109_AV_PBMC",
            "refinebio_treatment": ""
        },
        "SRR7011834": {
            "refinebio_accession_code": "SRR7011834",
            "refinebio_age": "",
            "refinebio_annotations": [],
            "refinebio_cell_line": "",
            "refinebio_compound": "",
            "refinebio_developmental_stage": "",
            "refinebio_disease": "",
            "refinebio_disease_stage": "",
            "refinebio_genetic_information": "",
            "refinebio_organism": "HOMO_SAPIENS",
            "refinebio_platform": "Illumina HiSeq 2500 (IlluminaHiSeq2500)",
            "refinebio_processed": true,
            "refinebio_processor_id": 298,
            "refinebio_processor_name": "Tximport",
            "refinebio_processor_version": "v1.20.0",
            "refinebio_race": "",
            "refinebio_sex": "",
            "refinebio_source_archive_url": "",
            "refinebio_source_database": "SRA",
            "refinebio_specimen_part": "",
            "refinebio_subject": "subject_109",
            "refinebio_time": "",
            "refinebio_title": "AVB_109_CV_PBMC",
            "refinebio_treatment": ""
        },
        "SRR7011835": {
            "refinebio_accession_code": "SRR7011835",
            "refinebio_age": "",
            "refinebio_annotations": [],
            "refinebio_cell_line": "",
            "refinebio_compound": "",
            "refinebio_developmental_stage": "",
            "refinebio_disease": "",
            "refinebio_disease_stage": "",
            "refinebio_genetic_information": "",
            "refinebio_organism": "HOMO_SAPIENS",
            "refinebio_platform": "Illumina HiSeq 2500 (IlluminaHiSeq2500)",
            "refinebio_processed": true,
            "refinebio_processor_id": 298,
            "refinebio_processor_name": "Tximport",
            "refinebio_processor_version": "v1.20.0",
            "refinebio_race": "",
            "refinebio_sex": "",
            "refinebio_source_archive_url": "",
            "refinebio_source_database": "SRA",
            "refinebio_specimen_part": "",
            "refinebio_subject": "subject_110",
            "refinebio_time": "",
            "refinebio_title": "AVB_110_AV_PBMC",
            "refinebio_treatment": ""
        },
        "SRR7011836": {
            "refinebio_accession_code": "SRR7011836",
            "refinebio_age": "",
            "refinebio_annotations": [],
            "refinebio_cell_line": "",
            "refinebio_compound": "",
            "refinebio_developmental_stage": "",
            "refinebio_disease": "",
            "refinebio_disease_stage": "",
            "refinebio_genetic_information": "",
            "refinebio_organism": "HOMO_SAPIENS",
            "refinebio_platform": "Illumina HiSeq 2500 (IlluminaHiSeq2500)",
            "refinebio_processed": true,
            "refinebio_processor_id": 298,
            "refinebio_processor_name": "Tximport",
            "refinebio_processor_version": "v1.20.0",
            "refinebio_race": "",
            "refinebio_sex": "",
            "refinebio_source_archive_url": "",
            "refinebio_source_database": "SRA",
            "refinebio_specimen_part": "",
            "refinebio_subject": "subject_110",
            "refinebio_time": "",
            "refinebio_title": "AVB_110_CV_PBMC",
            "refinebio_treatment": ""
        },
        "SRR7011837": {
            "refinebio_accession_code": "SRR7011837",
            "refinebio_age": "",
            "refinebio_annotations": [],
            "refinebio_cell_line": "",
            "refinebio_compound": "",
            "refinebio_developmental_stage": "",
            "refinebio_disease": "",
            "refinebio_disease_stage": "",
            "refinebio_genetic_information": "",
            "refinebio_organism": "HOMO_SAPIENS",
            "refinebio_platform": "Illumina HiSeq 2500 (IlluminaHiSeq2500)",
            "refinebio_processed": true,
            "refinebio_processor_id": 298,
            "refinebio_processor_name": "Tximport",
            "refinebio_processor_version": "v1.20.0",
            "refinebio_race": "",
            "refinebio_sex": "",
            "refinebio_source_archive_url": "",
            "refinebio_source_database": "SRA",
            "refinebio_specimen_part": "",
            "refinebio_subject": "subject_111",
            "refinebio_time": "",
            "refinebio_title": "AVB_111_AV_PBMC",
            "refinebio_treatment": ""
        },
        "SRR7011838": {
            "refinebio_accession_code": "SRR7011838",
            "refinebio_age": "",
            "refinebio_annotations": [],
            "refinebio_cell_line": "",
            "refinebio_compound": "",
            "refinebio_developmental_stage": "",
            "refinebio_disease": "",
            "refinebio_disease_stage": "",
            "refinebio_genetic_information": "",
            "refinebio_organism": "HOMO_SAPIENS",
            "refinebio_platform": "Illumina HiSeq 2500 (IlluminaHiSeq2500)",
            "refinebio_processed": true,
            "refinebio_processor_id": 298,
            "refinebio_processor_name": "Tximport",
            "refinebio_processor_version": "v1.20.0",
            "refinebio_race": "",
            "refinebio_sex": "",
            "refinebio_source_archive_url": "",
            "refinebio_source_database": "SRA",
            "refinebio_specimen_part": "",
            "refinebio_subject": "subject_111",
            "refinebio_time": "",
            "refinebio_title": "AVB_111_CV_PBMC",
            "refinebio_treatment": ""
        },
        "SRR7011839": {
            "refinebio_accession_code": "SRR7011839",
            "refinebio_age": "",
            "refinebio_annotations": [],
            "refinebio_cell_line": "",
            "refinebio_compound": "",
            "refinebio_developmental_stage": "",
            "refinebio_disease": "",
            "refinebio_disease_stage": "",
            "refinebio_genetic_information": "",
            "refinebio_organism": "HOMO_SAPIENS",
            "refinebio_platform": "Illumina HiSeq 2500 (IlluminaHiSeq2500)",
            "refinebio_processed": true,
            "refinebio_processor_id": 298,
            "refinebio_processor_name": "Tximport",
            "refinebio_processor_version": "v1.20.0",
            "refinebio_race": "",
            "refinebio_sex": "",
            "refinebio_source_archive_url": "",
            "refinebio_source_database": "SRA",
            "refinebio_specimen_part": "",
            "refinebio_subject": "subject_112",
            "refinebio_time": "",
            "refinebio_title": "AVB_112_AV_PBMC",
            "refinebio_treatment": ""
        },
        "SRR7011840": {
            "refinebio_accession_code": "SRR7011840",
            "refinebio_age": "",
            "refinebio_annotations": [],
            "refinebio_cell_line": "",
            "refinebio_compound": "",
            "refinebio_developmental_stage": "",
            "refinebio_disease": "",
            "refinebio_disease_stage": "",
            "refinebio_genetic_information": "",
            "refinebio_organism": "HOMO_SAPIENS",
            "refinebio_platform": "Illumina HiSeq 2500 (IlluminaHiSeq2500)",
            "refinebio_processed": true,
            "refinebio_processor_id": 298,
            "refinebio_processor_name": "Tximport",
            "refinebio_processor_version": "v1.20.0",
            "refinebio_race": "",
            "refinebio_sex": "",
            "refinebio_source_archive_url": "",
            "refinebio_source_database": "SRA",
            "refinebio_specimen_part": "",
            "refinebio_subject": "subject_112",
            "refinebio_time": "",
            "refinebio_title": "AVB_112_CV_PBMC",
            "refinebio_treatment": ""
        },
        "SRR7011841": {
            "refinebio_accession_code": "SRR7011841",
            "refinebio_age": "",
            "refinebio_annotations": [],
            "refinebio_cell_line": "",
            "refinebio_compound": "",
            "refinebio_developmental_stage": "",
            "refinebio_disease": "",
            "refinebio_disease_stage": "",
            "refinebio_genetic_information": "",
            "refinebio_organism": "HOMO_SAPIENS",
            "refinebio_platform": "Illumina HiSeq 2500 (IlluminaHiSeq2500)",
            "refinebio_processed": true,
            "refinebio_processor_id": 298,
            "refinebio_processor_name": "Tximport",
            "refinebio_processor_version": "v1.20.0",
            "refinebio_race": "",
            "refinebio_sex": "",
            "refinebio_source_archive_url": "",
            "refinebio_source_database": "SRA",
            "refinebio_specimen_part": "",
            "refinebio_subject": "subject_113",
            "refinebio_time": "",
            "refinebio_title": "AVB_113_AV_PBMC",
            "refinebio_treatment": ""
        },
        "SRR7011842": {
            "refinebio_accession_code": "SRR7011842",
            "refinebio_age": "",
            "refinebio_annotations": [],
            "refinebio_cell_line": "",
            "refinebio_compound": "",
            "refinebio_developmental_stage": "",
            "refinebio_disease": "",
            "refinebio_disease_stage": "",
            "refinebio_genetic_information": "",
            "refinebio_organism": "HOMO_SAPIENS",
            "refinebio_platform": "Illumina HiSeq 2500 (IlluminaHiSeq2500)",
            "refinebio_processed": true,
            "refinebio_processor_id": 298,
            "refinebio_processor_name": "Tximport",
            "refinebio_processor_version": "v1.20.0",
            "refinebio_race": "",
            "refinebio_sex": "",
            "refinebio_source_archive_url": "",
            "refinebio_source_database": "SRA",
            "refinebio_specimen_part": "",
            "refinebio_subject": "subject_113",
            "refinebio_time": "",
            "refinebio_title": "AVB_113_CV_PBMC",
            "refinebio_treatment": ""
        },
        "SRR7011843": {
            "refinebio_accession_code": "SRR7011843",
            "refinebio_age": "",
            "refinebio_annotations": [],
            "refinebio_cell_line": "",
            "refinebio_compound": "",
            "refinebio_developmental_stage": "",
            "refinebio_disease": "",
            "refinebio_disease_stage": "",
            "refinebio_genetic_information": "",
            "refinebio_organism": "HOMO_SAPIENS",
            "refinebio_platform": "Illumina HiSeq 2500 (IlluminaHiSeq2500)",
            "refinebio_processed": true,
            "refinebio_processor_id": 298,
            "refinebio_processor_name": "Tximport",
            "refinebio_processor_version": "v1.20.0",
            "refinebio_race": "",
            "refinebio_sex": "",
            "refinebio_source_archive_url": "",
            "refinebio_source_database": "SRA",
            "refinebio_specimen_part": "",
            "refinebio_subject": "subject_115",
            "refinebio_time": "",
            "refinebio_title": "AVB_115_AV_PBMC",
            "refinebio_treatment": ""
        },
        "SRR7011844": {
            "refinebio_accession_code": "SRR7011844",
            "refinebio_age": "",
            "refinebio_annotations": [],
            "refinebio_cell_line": "",
            "refinebio_compound": "",
            "refinebio_developmental_stage": "",
            "refinebio_disease": "",
            "refinebio_disease_stage": "",
            "refinebio_genetic_information": "",
            "refinebio_organism": "HOMO_SAPIENS",
            "refinebio_platform": "Illumina HiSeq 2500 (IlluminaHiSeq2500)",
            "refinebio_processed": true,
            "refinebio_processor_id": 298,
            "refinebio_processor_name": "Tximport",
            "refinebio_processor_version": "v1.20.0",
            "refinebio_race": "",
            "refinebio_sex": "",
            "refinebio_source_archive_url": "",
            "refinebio_source_database": "SRA",
            "refinebio_specimen_part": "",
            "refinebio_subject": "subject_115",
            "refinebio_time": "",
            "refinebio_title": "AVB_115_CV_PBMC",
            "refinebio_treatment": ""
        },
        "SRR7011845": {
            "refinebio_accession_code": "SRR7011845",
            "refinebio_age": "",
            "refinebio_annotations": [],
            "refinebio_cell_line": "",
            "refinebio_compound": "",
            "refinebio_developmental_stage": "",
            "refinebio_disease": "",
            "refinebio_disease_stage": "",
            "refinebio_genetic_information": "",
            "refinebio_organism": "HOMO_SAPIENS",
            "refinebio_platform": "Illumina HiSeq 2500 (IlluminaHiSeq2500)",
            "refinebio_processed": true,
            "refinebio_processor_id": 298,
            "refinebio_processor_name": "Tximport",
            "refinebio_processor_version": "v1.20.0",
            "refinebio_race": "",
            "refinebio_sex": "",
            "refinebio_source_archive_url": "",
            "refinebio_source_database": "SRA",
            "refinebio_specimen_part": "",
            "refinebio_subject": "pbmc",
            "refinebio_time": "",
            "refinebio_title": "AVB_118_AV_PBMC",
            "refinebio_treatment": ""
        },
        "SRR7011846": {
            "refinebio_accession_code": "SRR7011846",
            "refinebio_age": "",
            "refinebio_annotations": [],
            "refinebio_cell_line": "",
            "refinebio_compound": "",
            "refinebio_developmental_stage": "",
            "refinebio_disease": "",
            "refinebio_disease_stage": "",
            "refinebio_genetic_information": "",
            "refinebio_organism": "HOMO_SAPIENS",
            "refinebio_platform": "Illumina HiSeq 2500 (IlluminaHiSeq2500)",
            "refinebio_processed": true,
            "refinebio_processor_id": 298,
            "refinebio_processor_name": "Tximport",
            "refinebio_processor_version": "v1.20.0",
            "refinebio_race": "",
            "refinebio_sex": "",
            "refinebio_source_archive_url": "",
            "refinebio_source_database": "SRA",
            "refinebio_specimen_part": "",
            "refinebio_subject": "pbmc",
            "refinebio_time": "",
            "refinebio_title": "AVB_118_CV_PBMC",
            "refinebio_treatment": ""
        },
        "SRR7011847": {
            "refinebio_accession_code": "SRR7011847",
            "refinebio_age": "",
            "refinebio_annotations": [],
            "refinebio_cell_line": "",
            "refinebio_compound": "",
            "refinebio_developmental_stage": "",
            "refinebio_disease": "",
            "refinebio_disease_stage": "",
            "refinebio_genetic_information": "",
            "refinebio_organism": "HOMO_SAPIENS",
            "refinebio_platform": "Illumina HiSeq 2500 (IlluminaHiSeq2500)",
            "refinebio_processed": true,
            "refinebio_processor_id": 298,
            "refinebio_processor_name": "Tximport",
            "refinebio_processor_version": "v1.20.0",
            "refinebio_race": "",
            "refinebio_sex": "",
            "refinebio_source_archive_url": "",
            "refinebio_source_database": "SRA",
            "refinebio_specimen_part": "",
            "refinebio_subject": "pbmc",
            "refinebio_time": "",
            "refinebio_title": "AVB_120_AV_PBMC",
            "refinebio_treatment": ""
        },
        "SRR7011848": {
            "refinebio_accession_code": "SRR7011848",
            "refinebio_age": "",
            "refinebio_annotations": [],
            "refinebio_cell_line": "",
            "refinebio_compound": "",
            "refinebio_developmental_stage": "",
            "refinebio_disease": "",
            "refinebio_disease_stage": "",
            "refinebio_genetic_information": "",
            "refinebio_organism": "HOMO_SAPIENS",
            "refinebio_platform": "Illumina HiSeq 2500 (IlluminaHiSeq2500)",
            "refinebio_processed": true,
            "refinebio_processor_id": 298,
            "refinebio_processor_name": "Tximport",
            "refinebio_processor_version": "v1.20.0",
            "refinebio_race": "",
            "refinebio_sex": "",
            "refinebio_source_archive_url": "",
            "refinebio_source_database": "SRA",
            "refinebio_specimen_part": "",
            "refinebio_subject": "pbmc",
            "refinebio_time": "",
            "refinebio_title": "AVB_120_CV_PBMC",
            "refinebio_treatment": ""
        },
        "SRR7011849": {
            "refinebio_accession_code": "SRR7011849",
            "refinebio_age": "",
            "refinebio_annotations": [],
            "refinebio_cell_line": "",
            "refinebio_compound": "",
            "refinebio_developmental_stage": "",
            "refinebio_disease": "",
            "refinebio_disease_stage": "",
            "refinebio_genetic_information": "",
            "refinebio_organism": "HOMO_SAPIENS",
            "refinebio_platform": "Illumina HiSeq 2500 (IlluminaHiSeq2500)",
            "refinebio_processed": true,
            "refinebio_processor_id": 298,
            "refinebio_processor_name": "Tximport",
            "refinebio_processor_version": "v1.20.0",
            "refinebio_race": "",
            "refinebio_sex": "",
            "refinebio_source_archive_url": "",
            "refinebio_source_database": "SRA",
            "refinebio_specimen_part": "",
            "refinebio_subject": "pbmc",
            "refinebio_time": "",
            "refinebio_title": "AVB_122_AV_PBMC",
            "refinebio_treatment": ""
        },
        "SRR7011850": {
            "refinebio_accession_code": "SRR7011850",
            "refinebio_age": "",
            "refinebio_annotations": [],
            "refinebio_cell_line": "",
            "refinebio_compound": "",
            "refinebio_developmental_stage": "",
            "refinebio_disease": "",
            "refinebio_disease_stage": "",
            "refinebio_genetic_information": "",
            "refinebio_organism": "HOMO_SAPIENS",
            "refinebio_platform": "Illumina HiSeq 2500 (IlluminaHiSeq2500)",
            "refinebio_processed": true,
            "refinebio_processor_id": 298,
            "refinebio_processor_name": "Tximport",
            "refinebio_processor_version": "v1.20.0",
            "refinebio_race": "",
            "refinebio_sex": "",
            "refinebio_source_archive_url": "",
            "refinebio_source_database": "SRA",
            "refinebio_specimen_part": "",
            "refinebio_subject": "pbmc",
            "refinebio_time": "",
            "refinebio_title": "AVB_122_CV_PBMC",
            "refinebio_treatment": ""
        }
    },
    "scale_by": "NONE"
}